{
  "schema": "satellite-wars.weather-validation.fields.v1",
  "grid": {
    "latitudesDeg": [
      75,
      25,
      -25,
      -75
    ],
    "longitudesDeg": [
      -165,
      -105,
      -45,
      15,
      75,
      135
    ]
  },
  "pressureLevelsPa": [
    50000
  ],
  "leads": [
    {
      "leadHours": 0,
      "seaLevelPressurePa": [
        100599.392482,
        100790.040258,
        100932.007271,
        101052.398785,
        100969.518587,
        100720.791657,
        100673.240805,
        100722.130473,
        100656.230261,
        100941.656106,
        101033.416276,
        100809.987512,
        100874.653211,
        101111.472723,
        101321.143736,
        101387.782263,
        101248.020317,
        100991.053573,
        100965.877178,
        101213.43906,
        101438.862164,
        101492.994459,
        101339.998339,
        101081.114511
      ],
      "surfacePressurePa": [
        100479.392482,
        100670.040258,
        100812.007271,
        100932.398785,
        100849.518587,
        100600.791657,
        100553.240805,
        100602.130473,
        100536.230261,
        100821.656106,
        100913.416276,
        100689.987512,
        100754.653211,
        100991.472723,
        101201.143736,
        101267.782263,
        101128.020317,
        100871.053573,
        100845.877178,
        101093.43906,
        101318.862164,
        101372.994459,
        101219.998339,
        100961.114511
      ],
      "wind10mU": [
        -1.280982,
        -5.346421,
        -3.444115,
        2.067851,
        6.076431,
        4.503949,
        0.278709,
        -3.025735,
        0.377026,
        4.671123,
        7.674533,
        6.018017,
        0.222286,
        -4.001151,
        -2.410374,
        3.354449,
        7.571725,
        6.01669,
        -1.291862,
        -5.534501,
        -3.981584,
        1.813969,
        6.056608,
        4.503693
      ],
      "wind10mV": [
        -0.608026,
        0.693778,
        1.377089,
        1.792477,
        1.373747,
        0.156414,
        -0.188922,
        0.542136,
        0.100105,
        1.428894,
        1.764043,
        0.609735,
        0.927994,
        2.348297,
        3.265255,
        3.490999,
        2.915748,
        1.685329,
        1.383023,
        2.817728,
        3.76308,
        3.965778,
        3.371505,
        2.139495
      ],
      "geopotentialHeightMByPressurePa": {
        "50000": [
          5702.894495,
          5704.140501,
          5664.465132,
          5611.873246,
          5566.99108,
          5551.286447,
          5779.670191,
          5772.815734,
          5721.262238,
          5678.100885,
          5643.198169,
          5628.939145,
          5780.893757,
          5784.778148,
          5748.971579,
          5693.308094,
          5645.175542,
          5629.000063,
          5703.265049,
          5707.76329,
          5672.856841,
          5616.478713,
          5567.589923,
          5551.304896
        ]
      },
      "totalColumnWaterKgM2": [
        15.682324,
        14.621664,
        15.009892,
        16.458781,
        17.519441,
        17.131213,
        20.862234,
        19.801574,
        20.189802,
        21.638691,
        22.699351,
        22.311122,
        20.862234,
        19.801574,
        20.189802,
        21.638691,
        22.699351,
        22.311122,
        15.682324,
        14.621664,
        15.009892,
        16.458781,
        17.519441,
        17.131213
      ],
      "precipRateMmHr": [
        0.013879,
        0.0,
        0.370225,
        1.025197,
        1.623682,
        1.707689,
        0.924615,
        0.989803,
        2.793132,
        2.389326,
        2.53918,
        2.615478,
        0.921291,
        0.672047,
        1.088193,
        1.875808,
        2.530497,
        2.61547,
        0.013487,
        0.0,
        0.168846,
        0.964543,
        1.622657,
        1.707688
      ],
      "precipAccumMm": [
        0.0,
        0.0,
        0.0,
        0.0,
        0.0,
        0.0,
        0.0,
        0.0,
        0.0,
        0.0,
        0.0,
        0.0,
        0.0,
        0.0,
        0.0,
        0.0,
        0.0,
        0.0,
        0.0,
        0.0,
        0.0,
        0.0,
        0.0,
        0.0
      ],
      "cloudLowFraction": [
        0.198125,
        0.092059,
        0.130881,
        0.27577,
        0.381836,
        0.343013,
        0.295516,
        0.18945,
        0.228273,
        0.373162,
        0.479228,
        0.440405,
        0.295516,
        0.18945,
        0.228273,
        0.373162,
        0.479228,
        0.440405,
        0.198125,
        0.092059,
        0.130881,
        0.27577,
        0.381836,
        0.343013
      ],
      "cloudHighFraction": [
        0.272978,
        0.365817,
        0.450356,
        0.470652,
        0.413274,
        0.316192,
        0.229514,
        0.322353,
        0.406892,
        0.427187,
        0.369809,
        0.272727,
        0.161895,
        0.254734,
        0.339273,
        0.359568,
        0.302191,
        0.205108,
        0.11843,
        0.211269,
        0.295808,
        0.316104,
        0.258726,
        0.161644
      ],
      "cloudTotalFraction": [
        0.417019,
        0.424199,
        0.522294,
        0.61663,
        0.637307,
        0.550747,
        0.457205,
        0.450733,
        0.542283,
        0.640939,
        0.671814,
        0.593022,
        0.409568,
        0.395925,
        0.490099,
        0.598553,
        0.636601,
        0.555182,
        0.293091,
        0.283879,
        0.387973,
        0.504702,
        0.541771,
        0.449211
      ]
    },
    {
      "leadHours": 12,
      "seaLevelPressurePa": [
        100575.392482,
        100766.040258,
        100908.007271,
        101028.398785,
        100945.518587,
        100696.791657,
        100649.240805,
        100698.130473,
        100632.230261,
        100917.656106,
        101009.416276,
        100785.987512,
        100850.653211,
        101087.472723,
        101297.143736,
        101363.782263,
        101224.020317,
        100967.053573,
        100941.877178,
        101189.43906,
        101414.862164,
        101468.994459,
        101315.998339,
        101057.114511
      ],
      "surfacePressurePa": [
        100455.392482,
        100646.040258,
        100788.007271,
        100908.398785,
        100825.518587,
        100576.791657,
        100529.240805,
        100578.130473,
        100512.230261,
        100797.656106,
        100889.416276,
        100665.987512,
        100730.653211,
        100967.472723,
        101177.143736,
        101243.782263,
        101104.020317,
        100847.053573,
        100821.877178,
        101069.43906,
        101294.862164,
        101348.994459,
        101195.998339,
        100937.114511
      ],
      "wind10mU": [
        -0.680982,
        -4.746421,
        -2.844115,
        2.667851,
        6.676431,
        5.103949,
        0.878709,
        -2.425735,
        0.977026,
        5.271123,
        8.274533,
        6.618017,
        0.822286,
        -3.401151,
        -1.810374,
        3.954449,
        8.171725,
        6.61669,
        -0.691862,
        -4.934501,
        -3.381584,
        2.413969,
        6.656608,
        5.103693
      ],
      "wind10mV": [
        -0.608026,
        0.693778,
        1.377089,
        1.792477,
        1.373747,
        0.156414,
        -0.188922,
        0.542136,
        0.100105,
        1.428894,
        1.764043,
        0.609735,
        0.927994,
        2.348297,
        3.265255,
        3.490999,
        2.915748,
        1.685329,
        1.383023,
        2.817728,
        3.76308,
        3.965778,
        3.371505,
        2.139495
      ],