{
  "schema": "satellite-wars.weather-validation.fields.v1",
  "grid": {
    "latitudesDeg": [
      75,
      25,
      -25,
      -75
    ],
    "longitudesDeg": [
      -165,
      -105,
      -45,
      15,
      75,
      135
    ]
  },
  "pressureLevelsPa": [
    50000
  ],
  "leads": [
    {
      "leadHours": 0,
      "seaLevelPressurePa": [
        100596.960335,
        100766.261939,
        100876.927958,
        101022.170617,
        100965.588058,
        100720.670567,
        100664.75178,
        100639.135985,
        100463.984569,
        100836.149433,
        101019.697379,
        100809.564868,
        100874.193838,
        101106.981579,
        101310.740597,
        101382.0729,
        101247.277936,
        100991.030702,
        100965.876793,
        101213.435292,
        101438.853436,
        101492.989669,
        101339.997716,
        101081.114491
      ],
      "surfacePressurePa": [
        100476.960335,
        100646.261939,
        100756.927958,
        100702.170617,
        100645.588058,
        100400.670567,
        100544.75178,
        100519.135985,
        100343.984569,
        100516.149433,
        100699.697379,
        100489.564868,
        100754.193838,
        100986.981579,
        101190.740597,
        101262.0729,
        101127.277936,
        100871.030702,
        100845.876793,
        101093.435292,
        101318.853436,
        101372.989669,
        101219.997716,
        100961.114491
      ],
      "wind10mU": [
        -1.276903,
        -5.27589,
        -3.242563,
        2.163057,
        6.083865,
        4.504045,
        0.300309,
        -2.65231,
        1.444143,
        5.175194,
        7.713892,
        6.018525,
        0.222729,
        -3.993508,
        -2.388532,
        3.364766,
        7.57253,
        6.0167,
        -1.291862,
        -5.5345,
        -3.981582,
        1.81397,
        6.056608,
        4.503693
      ],
      "wind10mV": [
        -0.611086,
        0.64088,
        1.225925,
        1.721072,
        1.368172,
        0.156342,
        -0.205122,
        0.262067,
        -0.700232,
        1.050842,
        1.734524,
        0.609354,
        0.927662,
        2.342565,
        3.248873,
        3.483261,
        2.915144,
        1.685321,
        1.383023,
        2.817727,
        3.763079,
        3.965777,
        3.371505,
        2.139495
      ],
      "geopotentialHeightMByPressurePa": {
        "50000": [
          5702.755516,
          5702.78174,
          5661.317743,
          5610.145923,
          5566.766479,
          5551.279528,
          5779.185104,
          5768.073192,
          5710.27677,
          5672.071932,
          5642.414232,
          5628.914994,
          5780.867508,
          5784.521512,
          5748.377114,
          5692.981845,
          5645.133121,
          5628.998756,
          5703.265027,
          5707.763075,
          5672.856342,
          5616.47844,
          5567.589888,
          5551.304895
        ]
      },
      "totalColumnWaterKgM2": [
        21.682324,
        20.621664,
        21.009892,
        22.458781,
        23.519441,
        23.131213,
        26.862234,
        25.801574,
        26.189802,
        27.638691,
        28.699351,
        28.311122,
        26.862234,
        25.801574,
        26.189802,
        27.638691,
        28.699351,
        28.311122,
        21.682324,
        20.621664,
        21.009892,
        22.458781,
        23.519441,
        23.131213
      ],
      "precipRateMmHr": [
        0.014027,
        0.0,
        0.445742,
        3.547943,
        4.124067,
        4.207689,
        0.92587,
        1.10977,
        3.436822,
        5.083201,
        5.042458,
        5.115481,
        0.921299,
        0.672855,
        1.092531,
        1.877115,
        2.530519,
        2.61547,
        0.013487,
        0.0,
        0.168846,
        0.964543,
        1.622657,
        1.707688
      ],
      "precipAccumMm": [
        0.0,
        0.0,
        0.0,
        0.0,
        0.0,
        0.0,
        0.0,
        0.0,
        0.0,
        0.0,
        0.0,
        0.0,
        0.0,
        0.0,
        0.0,
        0.0,
        0.0,
        0.0,
        0.0,
        0.0,
        0.0,
        0.0,
        0.0,
        0.0
      ],
      "cloudLowFraction": [
        0.198125,
        0.092059,
        0.130881,
        0.35577,
        0.461836,
        0.423013,
        0.295516,
        0.18945,
        0.228273,
        0.453162,
        0.559228,
        0.520405,
        0.295516,
        0.18945,
        0.228273,
        0.373162,
        0.479228,
        0.440405,
        0.198125,
        0.092059,
        0.130881,
        0.27577,
        0.381836,
        0.343013
      ],
      "cloudHighFraction": [
        0.308978,
        0.401817,
        0.486356,
        0.506652,
        0.449274,
        0.352192,
        0.265514,
        0.358353,
        0.442892,
        0.463187,
        0.405809,
        0.308727,
        0.197895,
        0.290734,
        0.375273,
        0.395568,
        0.338191,
        0.241108,
        0.15443,
        0.247269,
        0.331808,
        0.352104,
        0.294726,
        0.197644
      ],
      "cloudTotalFraction": [
        0.445887,
        0.456885,
        0.553582,
        0.68217,
        0.703619,
        0.626223,
        0.482566,
        0.479913,
        0.570065,
        0.70645,
        0.738097,
        0.668469,
        0.43493,
        0.425104,
        0.517881,
        0.621119,
        0.655348,
        0.575328,
        0.321959,
        0.316565,
        0.419262,
        0.530774,
        0.564025,
        0.472863
      ]
    },
    {
      "leadHours": 12,
      "seaLevelPressurePa": [
        100572.960335,
        100742.261939,
        100852.927958,
        100998.170617,
        100941.588058,
        100696.670567,
        100640.75178,
        100615.135985,
        100439.984569,
        100812.149433,
        100995.697379,
        100785.564868,
        100850.193838,
        101082.981579,
        101286.740597,
        101358.0729,
        101223.277936,
        100967.030702,
        100941.876793,
        101189.435292,
        101414.853436,
        101468.989669,
        101315.997716,
        101057.114491
      ],
      "surfacePressurePa": [
        100452.960335,
        100622.261939,
        100732.927958,
        100678.170617,
        100621.588058,
        100376.670567,
        100520.75178,
        100495.135985,
        100319.984569,
        100492.149433,
        100675.697379,
        100465.564868,
        100730.193838,
        100962.981579,
        101166.740597,
        101238.0729,
        101103.277936,
        100847.030702,
        100821.876793,
        101069.435292,
        101294.853436,
        101348.989669,
        101195.997716,
        100937.114491
      ],
      "wind10mU": [
        -0.676903,
        -4.67589,
        -2.642563,
        2.763057,
        6.683865,
        5.104045,
        0.900309,
        -2.05231,
        2.044143,
        5.775194,
        8.313892,
        6.618525,
        0.822729,
        -3.393508,
        -1.788532,
        3.964766,
        8.17253,
        6.6167,
        -0.691862,
        -4.9345,
        -3.381582,
        2.41397,
        6.656608,
        5.103693
      ],
      "wind10mV": [
        -0.611086,
        0.64088,
        1.225925,
        1.721072,
        1.368172,
        0.156342,
        -0.205122,
        0.262067,
        -0.700232,
        1.050842,
        1.734524,
        0.609354,
        0.927662,
        2.342565,
        3.248873,
        3.483261,
        2.915144,
        1.685321,
        1.383023,
        2.817727,
        3.763079,
        3.965777,
        3.371505,
        2.139495
      ],