{
  "schema": "satellite-wars.weather-validation.fields.v1",
  "grid": {
    "latitudesDeg": [
      75,
      25,
      -25,
      -75
    ],
    "longitudesDeg": [
      -165,
      -105,
      -45,
      15,
      75,
      135
    ]
  },
  "pressureLevelsPa": [
    50000
  ],
  "leads": [
    {
      "leadHours": 0,
      "seaLevelPressurePa": [
        100595.128002,
        100745.235763,
        100828.693549,
        100999.693694,
        100962.925124,
        100720.58977,
        100648.788473,
        100331.02421,
        99773.243828,
        100652.229325,
        101008.471115,
        100809.279649,
        100871.941423,
        101056.243108,
        101197.548112,
        101356.813727,
        101246.390091,
        100991.014802,
        100965.875115,
        101213.397919,
        101438.770031,
        101492.970811,
        101339.997014,
        101081.114478
      ],
      "surfacePressurePa": [
        100475.128002,
        100625.235763,
        100708.693549,
        100879.693694,
        100842.925124,
        100600.58977,
        100528.788473,
        100211.02421,
        99653.243828,
        100532.229325,
        100888.471115,
        100689.279649,
        100751.941423,
        100936.243108,
        101077.548112,
        101236.813727,
        101126.390091,
        100871.014802,
        100845.875115,
        101093.397919,
        101318.770031,
        101372.970811,
        101219.997014,
        100961.114478
      ],
      "wind10mU": [
        -1.272817,
        -5.20766,
        -3.06609,
        2.237212,
        6.089167,
        4.50411,
        0.423192,
        -0.718487,
        5.500348,
        6.359963,
        7.767658,
        6.018978,
        0.23966,
        -3.730029,
        -1.86103,
        3.5018,
        7.577289,
        6.016725,
        -1.291857,
        -5.534423,
        -3.981429,
        1.814009,
        6.056609,
        4.503693
      ],
      "wind10mV": [
        -0.613126,
        0.605614,
        1.125149,
        1.673468,
        1.364455,
        0.156294,
        -0.215923,
        0.075355,
        -1.233791,
        0.798807,
        1.714845,
        0.6091,
        0.927441,
        2.338743,
        3.237952,
        3.478103,
        2.914741,
        1.685316,
        1.383023,
        2.817727,
        3.763078,
        3.965777,
        3.371505,
        2.139495
      ],
      "geopotentialHeightMByPressurePa": {
        "50000": [
          5702.662862,
          5701.8759,
          5659.219484,
          5608.994373,
          5566.616744,
          5551.274915,
          5778.861713,
          5764.911497,
          5702.953125,
          5668.052631,
          5641.891607,
          5628.898893,
          5780.850008,
          5784.35042,
          5747.980804,
          5692.764345,
          5645.10484,
          5628.997884,
          5703.265013,
          5707.762931,
          5672.856009,
          5616.478257,
          5567.589864,
          5551.304894
        ]
      },
      "totalColumnWaterKgM2": [
        27.682324,
        26.621664,
        27.009892,
        28.458781,
        29.519441,
        29.131213,
        32.862234,
        31.801574,
        32.189802,
        33.638691,
        34.699351,
        34.311122,
        32.862234,
        31.801574,
        32.189802,
        33.638691,
        34.699351,
        34.311122,
        27.682324,
        26.621664,
        27.009892,
        28.458781,
        29.519441,
        29.131213
      ],
      "precipRateMmHr": [
        2.814125,
        2.623099,
        3.296087,
        3.863106,
        4.424323,
        4.50769,
        3.726707,
        3.989748,
        6.665948,
        5.512452,
        5.344643,
        5.415483,
        3.721305,
        3.473394,
        3.895422,
        4.677985,
        5.330534,
        5.41547,
        2.813487,
        2.56211,
        2.968846,
        3.764543,
        4.422657,
        4.507688
      ],
      "precipAccumMm": [
        0.0,
        0.0,
        0.0,
        0.0,
        0.0,
        0.0,
        0.0,
        0.0,
        0.0,
        0.0,
        0.0,
        0.0,
        0.0,
        0.0,
        0.0,
        0.0,
        0.0,
        0.0,
        0.0,
        0.0,
        0.0,
        0.0,
        0.0,
        0.0
      ],
      "cloudLowFraction": [
        0.198125,
        0.092059,
        0.130881,
        0.27577,
        0.381836,
        0.343013,
        0.295516,
        0.18945,
        0.228273,
        0.373162,
        0.479228,
        0.440405,
        0.295516,
        0.18945,
        0.228273,
        0.373162,
        0.479228,
        0.440405,
        0.198125,
        0.092059,
        0.130881,
        0.27577,
        0.381836,
        0.343013
      ],
      "cloudHighFraction": [
        0.332978,
        0.425817,
        0.510356,
        0.530652,
        0.473274,
        0.376192,
        0.289514,
        0.382353,
        0.466892,
        0.487187,
        0.429809,
        0.332727,
        0.221895,
        0.314734,
        0.399273,
        0.419568,
        0.362191,
        0.265108,
        0.17843,
        0.271269,
        0.355808,
        0.376104,
        0.318726,
        0.221644
      ],
      "cloudTotalFraction": [
        0.465132,
        0.478676,
        0.574441,
        0.660084,
        0.674397,
        0.590166,
        0.499474,
        0.499366,
        0.588586,
        0.678549,
        0.70306,
        0.626597,
        0.451837,
        0.444558,
        0.536403,
        0.636163,
        0.667847,
        0.588758,
        0.341204,
        0.338355,
        0.44012,
        0.548156,
        0.578861,
        0.48863
      ]
    },
    {
      "leadHours": 12,
      "seaLevelPressurePa": [
        100571.128002,
        100721.235763,
        100804.693549,
        100975.693694,
        100938.925124,
        100696.58977,
        100624.788473,
        100307.02421,
        99749.243828,
        100628.229325,
        100984.471115,
        100785.279649,
        100847.941423,
        101032.243108,
        101173.548112,
        101332.813727,
        101222.390091,
        100967.014802,
        100941.875115,
        101189.397919,
        101414.770031,
        101468.970811,
        101315.997014,
        101057.114478
      ],
      "surfacePressurePa": [
        100451.128002,
        100601.235763,
        100684.693549,
        100855.693694,
        100818.925124,
        100576.58977,
        100504.788473,
        100187.02421,
        99629.243828,
        100508.229325,
        100864.471115,
        100665.279649,
        100727.941423,
        100912.243108,
        101053.548112,
        101212.813727,
        101102.390091,
        100847.014802,
        100821.875115,
        101069.397919,
        101294.770031,
        101348.970811,
        101195.997014,
        100937.114478
      ],
      "wind10mU": [
        -0.672817,
        -4.60766,
        -2.46609,
        2.837212,
        6.689167,
        5.10411,
        1.023192,
        -0.118487,
        6.100348,
        6.959963,
        8.367658,
        6.618978,
        0.83966,
        -3.130029,
        -1.26103,
        4.1018,
        8.177289,
        6.616725,
        -0.691857,
        -4.934423,
        -3.381429,
        2.414009,
        6.656609,
        5.103693
      ],
      "wind10mV": [
        -0.613126,
        0.605614,
        1.125149,
        1.673468,
        1.364455,
        0.156294,
        -0.215923,
        0.075355,
        -1.233791,
        0.798807,
        1.714845,
        0.6091,
        0.927441,
        2.338743,
        3.237952,
        3.478103,
        2.914741,
        1.685316,
        1.383023,
        2.817727,
        3.763078,
        3.965777,
        3.371505,
        2.139495
      ],