{
  "schema": "satellite-wars.weather-validation.fields.v1",
  "grid": {
    "latitudesDeg": [
      45,
      0,
      -45
    ],
    "longitudesDeg": [
      -135,
      -45,
      45,
      135
    ]
  },
  "pressureLevelsPa": [
    50000
  ],
  "leads": [
    {
      "leadHours": 0,
      "seaLevelPressurePa": [
        100453.874233,
        100828.532611,
        100934.989447,
        100527.024032,
        100615.269152,
        100989.92753,
        101096.384366,
        100688.418951,
        100788.452858,
        101163.111236,
        101269.568071,
        100861.602657
      ],
      "surfacePressurePa": [
        100412.954115,
        100850.820974,
        100850.820974,
        100412.954115,
        100582.921097,
        101020.787956,
        101020.787956,
        100582.921097,
        100761.674876,
        101199.541735,
        101199.541735,
        100761.674876
      ],
      "wind10mU": [
        -3.118959,
        -3.218959,
        6.556929,
        6.456929,
        -2.487944,
        -2.587944,
        7.187944,
        7.087944,
        -3.118959,
        -3.218959,
        6.556929,
        6.456929
      ],
      "wind10mV": [
        -2.747958,
        -2.797579,
        -3.342368,
        -3.933184,
        0.633955,
        0.584334,
        0.039545,
        -0.551271,
        4.073163,
        4.023542,
        3.478754,
        2.887937
      ],
      "geopotentialHeightMByPressurePa": {
        "50000": [
          5764.094797,
          5729.069127,
          5650.041475,
          5615.015805,
          5803.539496,
          5768.513826,
          5689.486174,
          5654.460504,
          5764.094797,
          5729.069127,
          5650.041475,
          5615.015805
        ]
      },
      "totalColumnWaterKgM2": [
        26.98097,
        27.468047,
        30.013631,
        29.526555,
        30.071623,
        30.558699,
        33.104284,
        32.617207,
        27.890198,
        28.377274,
        30.922858,
        30.435782
      ],
      "precipRateMmHr": [
        0.534052,
        1.09594,
        3.344285,
        3.391973,
        1.125792,
        1.68768,
        3.936024,
        3.983712,
        0.728216,
        1.290105,
        3.538449,
        3.586137
      ],
      "precipAccumMm": [
        0.0,
        0.0,
        0.0,
        0.0,
        0.0,
        0.0,
        0.0,
        0.0,
        0.0,
        0.0,
        0.0,
        0.0
      ],
      "cloudLowFraction": [
        0.148915,
        0.148915,
        0.4459,
        0.4459,
        0.211508,
        0.211508,
        0.508492,
        0.508492,
        0.148915,
        0.148915,
        0.4459,
        0.4459
      ],
      "cloudHighFraction": [
        0.20274,
        0.367382,
        0.378863,
        0.230456,
        0.122879,
        0.287522,
        0.299003,
        0.150596,
        0.050658,
        0.215301,
        0.226782,
        0.078375
      ],
      "cloudTotalFraction": [
        0.321464,
        0.461589,
        0.655828,
        0.573596,
        0.308397,
        0.438217,
        0.655454,
        0.582511,
        0.19203,
        0.332155,
        0.57156,
        0.489328
      ]
    },
    {
      "leadHours": 6,
      "seaLevelPressurePa": [
        100438.874233,
        100813.532611,
        100919.989447,
        100512.024032,
        100600.269152,
        100974.92753,
        101081.384366,
        100673.418951,
        100773.452858,
        101148.111236,
        101254.568071,
        100846.602657
      ],
      "surfacePressurePa": [
        100394.954115,
        100832.820974,
        100832.820974,
        100394.954115,
        100564.921097,
        101002.787956,
        101002.787956,
        100564.921097,
        100743.674876,
        101181.541735,
        101181.541735,
        100743.674876
      ],
      "wind10mU": [
        -2.818959,
        -2.918959,
        6.856929,
        6.756929,
        -2.187944,
        -2.287944,
        7.487944,
        7.387944,
        -2.818959,
        -2.918959,
        6.856929,
        6.756929
      ],
      "wind10mV": [
        -2.927958,
        -2.977579,
        -3.522368,
        -4.113184,
        0.453955,
        0.404334,
        -0.140455,
        -0.731271,
        3.893163,
        3.843542,
        3.298754,
        2.707937
      ],
      "geopotentialHeightMByPressurePa": {
        "50000": [
          5788.094797,
          5753.069127,
          5674.041475,
          5639.015805,
          5827.539496,
          5792.513826,
          5713.486174,
          5678.460504,
          5788.094797,
          5753.069127,
          5674.041475,
          5639.015805
        ]
      },
      "totalColumnWaterKgM2": [
        27.58097,
        28.068047,
        30.613631,
        30.126555,
        30.671623,
        31.158699,
        33.704284,
        33.217207,
        28.490198,
        28.977274,
        31.522858,
        31.035782
      ],
      "precipRateMmHr": [
        0.774052,
        1.33594,
        3.584285,
        3.631973,
        1.365792,
        1.92768,
        4.176024,
        4.223712,
        0.968216,
        1.530105,
        3.778449,
        3.826137
      ],
      "precipAccumMm": [
        4.644312,
        8.015643,
        21.505708,
        21.791835,
        8.194751,
        11.566081,
        25.056146,
        25.342274,
        5.809297,
        9.180627,
        22.670692,
        22.95682
      ],
      "cloudLowFraction": [
        0.208915,
        0.208915,
        0.5059,
        0.5059,
        0.271508,
        0.271508,
        0.568492,
        0.568492,
        0.208915,
        0.208915,
        0.5059,
        0.5059
      ],
      "cloudHighFraction": [
        0.23274,
        0.397382,
        0.408863,
        0.260456,
        0.152879,
        0.317522,
        0.329003,
        0.180596,
        0.080658,
        0.245301,
        0.256782,
        0.108375
      ],
      "cloudTotalFraction": [
        0.393032,
        0.523278,
        0.707919,
        0.634592,
        0.382879,
        0.50282,
        0.71046,
        0.646421,
        0.272723,
        0.402969,
        0.632776,
        0.559448
      ]
    },
    {
      "leadHours": 12,
      "seaLevelPressurePa": [
        100423.874233,
        100798.532611,
        100904.989447,
        100497.024032,
        100585.269152,
        100959.92753,
        101066.384366,
        100658.418951,
        100758.452858,
        101133.111236,
        101239.568071,
        100831.602657
      ],
      "surfacePressurePa": [
        100376.954115,
        100814.820974,
        100814.820974,
        100376.954115,
        100546.921097,
        100984.787956,
        100984.787956,
        100546.921097,
        100725.674876,
        101163.541735,
        101163.541735,
        100725.674876
      ],
      "wind10mU": [
        -2.518959,
        -2.618959,
        7.156929,
        7.056929,
        -1.887944,
        -1.987944,
        7.787944,
        7.687944,
        -2.518959,
        -2.618959,
        7.156929,
        7.056929
      ],
      "wind10mV": [
        -3.107958,
        -3.157579,
        -3.702368,
        -4.293184,
        0.273955,
        0.224334,
        -0.320455,
        -0.911271,
        3.713163,
        3.663542,
        3.118754,
        2.527937
      ],
      "geopotentialHeightMByPressurePa": {
        "50000": [
          5812.094797,
          5777.069127,
          5698.041475,
          5663.015805,
          5851.539496,
          5816.513826,
          5737.486174,
          5702.460504,
          5812.094797,
          5777.069127,
          5698.041475,
          5663.015805
        ]
      },