{
  "schema": "satellite-wars.weather-validation.fields.v1",
  "grid": {
    "latitudesDeg": [
      60,
      0,
      -60
    ],
    "longitudesDeg": [
      -150,
      -30,
      90
    ]
  },
  "pressureLevelsPa": [
    50000
  ],
  "leads": [
    {
      "leadHours": 0,
      "seaLevelPressurePa": [
        100424.019999,
        100918.760909,
        100707.175947,
        100625.0,
        101119.74091,
        100908.155948,
        100825.980001,
        101320.720911,
        101109.135949
      ],
      "surfacePressurePa": [
        100326.519999,
        100821.260909,
        100609.675947,
        100520.0,
        101014.74091,
        100803.155948,
        100728.480001,
        101223.220911,
        101011.635949
      ],
      "wind10mU": [
        -2.75,
        -2.75,
        7.75,
        -2.0,
        -2.0,
        8.5,
        -2.75,
        -2.75,
        7.75
      ],
      "wind10mV": [
        -3.783181,
        -3.429627,
        -3.559037,
        0.12941,
        0.482963,
        0.353553,
        4.042,
        4.395553,
        4.266144
      ],
      "geopotentialHeightMByPressurePa": {
        "50000": [
          5727.614808,
          5685.085756,
          5597.629543,
          5787.614808,
          5745.085756,
          5657.629543,
          5727.614808,
          5685.085756,
          5597.629543
        ]
      },
      "totalColumnWaterKgM2": [
        25.6,
        25.6,
        28.3,
        30.1,
        30.1,
        32.8,
        25.6,
        25.6,
        28.3
      ],
      "precipRateMmHr": [
        0.51016,
        0.889835,
        3.052353,
        1.33934,
        1.719014,
        3.881533,
        0.51016,
        0.889835,
        3.052353
      ],
      "precipAccumMm": [
        0.0,
        0.0,
        0.0,
        0.0,
        0.0,
        0.0,
        0.0,
        0.0,
        0.0
      ],
      "cloudLowFraction": [
        0.172543,
        0.172543,
        0.442543,
        0.28,
        0.28,
        0.55,
        0.172543,
        0.172543,
        0.442543
      ],
      "cloudHighFraction": [
        0.221355,
        0.419251,
        0.334617,
        0.13,
        0.327896,
        0.243262,
        0.038645,
        0.236542,
        0.151908
      ],
      "cloudTotalFraction": [
        0.355705,
        0.519455,
        0.629078,
        0.3736,
        0.516085,
        0.659468,
        0.204521,
        0.368272,
        0.527225
      ]
    },
    {
      "leadHours": 6,
      "seaLevelPressurePa": [
        100406.019999,
        100900.760909,
        100689.175947,
        100607.0,
        101101.74091,
        100890.155948,
        100807.980001,
        101302.720911,
        101091.135949
      ],
      "surfacePressurePa": [
        100308.519999,
        100803.260909,
        100591.675947,
        100502.0,
        100996.74091,
        100785.155948,
        100710.480001,
        101205.220911,
        100993.635949
      ],
      "wind10mU": [
        -2.45,
        -2.45,
        8.05,
        -1.7,
        -1.7,
        8.8,
        -2.45,
        -2.45,
        8.05
      ],
      "wind10mV": [
        -3.963181,
        -3.609627,
        -3.739037,
        -0.05059,
        0.302963,
        0.173553,
        3.862,
        4.215553,
        4.086144
      ],
      "geopotentialHeightMByPressurePa": {
        "50000": [
          5751.614808,
          5709.085756,
          5621.629543,
          5811.614808,
          5769.085756,
          5681.629543,
          5751.614808,
          5709.085756,
          5621.629543
        ]
      },
      "totalColumnWaterKgM2": [
        26.2,
        26.2,
        28.9,
        30.7,
        30.7,
        33.4,
        26.2,
        26.2,
        28.9
      ],
      "precipRateMmHr": [
        0.75016,
        1.129835,
        3.292353,
        1.57934,
        1.959014,
        4.121533,
        0.75016,
        1.129835,
        3.292353
      ],
      "precipAccumMm": [
        4.500961,
        6.779008,
        19.754117,
        9.476039,
        11.754086,
        24.729195,
        4.500961,
        6.779008,
        19.754117
      ],
      "cloudLowFraction": [
        0.232543,
        0.232543,
        0.502543,
        0.34,
        0.34,
        0.61,
        0.232543,
        0.232543,
        0.502543
      ],
      "cloudHighFraction": [
        0.251355,
        0.449251,
        0.364617,
        0.16,
        0.357896,
        0.273262,
        0.068645,
        0.266542,
        0.181908
      ],
      "cloudTotalFraction": [
        0.425447,
        0.577324,
        0.683925,
        0.4456,
        0.576212,
        0.716572,
        0.285226,
        0.437103,
        0.593035
      ]
    },
    {
      "leadHours": 12,
      "seaLevelPressurePa": [
        100388.019999,
        100882.760909,
        100671.175947,
        100589.0,
        101083.74091,
        100872.155948,
        100789.980001,
        101284.720911,
        101073.135949
      ],
      "surfacePressurePa": [
        100290.519999,
        100785.260909,
        100573.675947,
        100484.0,
        100978.74091,
        100767.155948,
        100692.480001,
        101187.220911,
        100975.635949
      ],
      "wind10mU": [
        -2.15,
        -2.15,
        8.35,
        -1.4,
        -1.4,
        9.1,
        -2.15,
        -2.15,
        8.35
      ],
      "wind10mV": [
        -4.143181,
        -3.789627,
        -3.919037,
        -0.23059,
        0.122963,
        -0.006447,
        3.682,
        4.035553,
        3.906144
      ],
      "geopotentialHeightMByPressurePa": {
        "50000": [
          5775.614808,
          5733.085756,
          5645.629543,
          5835.614808,
          5793.085756,
          5705.629543,
          5775.614808,
          5733.085756,
          5645.629543
        ]
      },
      "totalColumnWaterKgM2": [
        26.8,
        26.8,
        29.5,
        31.3,
        31.3,
        34.0,
        26.8,
        26.8,
        29.5
      ],
      "precipRateMmHr": [
        0.99016,
        1.369835,
        3.532353,
        1.81934,
        2.199014,
        4.361533,
        0.99016,
        1.369835,
        3.532353
      ],
      "precipAccumMm": [
        11.881923,
        16.438016,
        42.388235,
        21.832078,
        26.388171,
        52.33839,
        11.881923,
        16.438016,
        42.388235
      ],
      "cloudLowFraction": [
        0.292543,
        0.292543,
        0.562543,
        0.4,
        0.4,
        0.67,
        0.292543,
        0.292543,
        0.562543
      ],
      "cloudHighFraction": [
        0.281355,
        0.479251,
        0.394617,
        0.19,
        0.387896,
        0.303262,
        0.098645,
        0.296542,
        0.211908
      ],
      "cloudTotalFraction": [
        0.49159,
        0.631593,
        0.735171,
        0.514,
        0.632738,
        0.770077,
        0.362331,
        0.502334,
        0.655244
      ]
    }
  ]
}
