{
  "schema": "satellite-wars.weather-validation.fields.v1",
  "grid": {
    "latitudesDeg": [
      75,
      25,
      -25,
      -75
    ],
    "longitudesDeg": [
      -165,
      -105,
      -45,
      15,
      75,
      135
    ]
  },
  "pressureLevelsPa": [
    50000
  ],
  "leads": [
    {
      "leadHours": 0,
      "seaLevelPressurePa": [
        100601.013913,
        100805.89247,
        100968.726813,
        101072.550897,
        100972.138941,
        100720.872383,
        100678.900155,
        100777.460132,
        100784.394055,
        101011.993887,
        101042.562207,
        100810.269274,
        100874.95946,
        101114.46682,
        101328.079161,
        101391.588505,
        101248.515238,
        100991.06882,
        100965.877435,
        101213.441572,
        101438.867982,
        101492.997652,
        101339.998754,
        101081.114523
      ],
      "surfacePressurePa": [
        100481.013913,
        100685.89247,
        100848.726813,
        100952.550897,
        100852.138941,
        100600.872383,
        100558.900155,
        100657.460132,
        100664.394055,
        100891.993887,
        100922.562207,
        100690.269274,
        100754.95946,
        100994.46682,
        101208.079161,
        101271.588505,
        101128.515238,
        100871.06882,
        100845.877435,
        101093.441572,
        101318.867982,
        101372.997652,
        101219.998754,
        100961.114523
      ],
      "wind10mU": [
        -1.283702,
        -5.393441,
        -3.578484,
        2.00438,
        6.071475,
        4.503885,
        0.264308,
        -3.274684,
        -0.334385,
        4.335077,
        7.648294,
        6.017678,
        0.221992,
        -4.006247,
        -2.424935,
        3.347571,
        7.571188,
        6.016683,
        -1.291862,
        -5.534501,
        -3.981585,
        1.813968,
        6.056607,
        4.503693
      ],
      "wind10mV": [
        -0.605986,
        0.729043,
        1.477865,
        1.84008,
        1.377464,
        0.156462,
        -0.178122,
        0.728848,
        0.633664,
        1.68093,
        1.783722,
        0.609989,
        0.928215,
        2.352119,
        3.276175,
        3.496158,
        2.916151,
        1.685334,
        1.383023,
        2.817728,
        3.763081,
        3.965778,
        3.371505,
        2.139495
      ],
      "geopotentialHeightMByPressurePa": {
        "50000": [
          5702.987149,
          5705.046342,
          5666.563392,
          5613.024796,
          5567.140815,
          5551.29106,
          5779.993583,
          5775.977429,
          5728.585883,
          5682.120187,
          5643.720793,
          5628.955246,
          5780.911257,
          5784.94924,
          5749.36789,
          5693.525594,
          5645.203824,
          5629.000934,
          5703.265064,
          5707.763434,
          5672.857173,
          5616.478896,
          5567.589947,
          5551.304897
        ]
      },
      "totalColumnWaterKgM2": [
        21.682324,
        20.621664,
        21.009892,
        22.458781,
        23.519441,
        23.131213,
        26.862234,
        25.801574,
        26.189802,
        27.638691,
        28.699351,
        28.311122,
        26.862234,
        25.801574,
        26.189802,
        27.638691,
        28.699351,
        28.311122,
        21.682324,
        20.621664,
        21.009892,
        22.458781,
        23.519441,
        23.131213
      ],
      "precipRateMmHr": [
        0.013781,
        0.0,
        0.31988,
        1.010034,
        1.623426,
        1.707689,
        0.923778,
        0.909825,
        2.364006,
        2.260076,
        2.536994,
        2.615476,
        0.921285,
        0.671508,
        1.085302,
        1.874937,
        2.530483,
        2.61547,
        0.013487,
        0.0,
        0.168846,
        0.964543,
        1.622657,
        1.707688
      ],
      "precipAccumMm": [
        0.0,
        0.0,
        0.0,
        0.0,
        0.0,
        0.0,
        0.0,
        0.0,
        0.0,
        0.0,
        0.0,
        0.0,
        0.0,
        0.0,
        0.0,
        0.0,
        0.0,
        0.0,
        0.0,
        0.0,
        0.0,
        0.0,
        0.0,
        0.0
      ],
      "cloudLowFraction": [
        0.198125,
        0.092059,
        0.130881,
        0.27577,
        0.381836,
        0.343013,
        0.295516,
        0.18945,
        0.228273,
        0.373162,
        0.479228,
        0.440405,
        0.295516,
        0.18945,
        0.228273,
        0.373162,
        0.479228,
        0.440405,
        0.198125,
        0.092059,
        0.130881,
        0.27577,
        0.381836,
        0.343013
      ],
      "cloudHighFraction": [
        0.248978,
        0.341817,
        0.426356,
        0.446652,
        0.389274,
        0.292192,
        0.205514,
        0.298353,
        0.382892,
        0.403187,
        0.345809,
        0.248727,
        0.137895,
        0.230734,
        0.315273,
        0.335568,
        0.278191,
        0.181108,
        0.09443,
        0.187269,
        0.271808,
        0.292104,
        0.234726,
        0.137644
      ],
      "cloudTotalFraction": [
        0.397774,
        0.402409,
        0.501435,
        0.599249,
        0.622471,
        0.534979,
        0.440297,
        0.43128,
        0.523761,
        0.625895,
        0.659316,
        0.579591,
        0.392661,
        0.376471,
        0.471578,
        0.583509,
        0.624102,
        0.541752,
        0.273846,
        0.262088,
        0.367114,
        0.48732,
        0.526935,
        0.433443
      ]
    },
    {
      "leadHours": 12,
      "seaLevelPressurePa": [
        100577.013913,
        100781.89247,
        100944.726813,
        101048.550897,
        100948.138941,
        100696.872383,
        100654.900155,
        100753.460132,
        100760.394055,
        100987.993887,
        101018.562207,
        100786.269274,
        100850.95946,
        101090.46682,
        101304.079161,
        101367.588505,
        101224.515238,
        100967.06882,
        100941.877435,
        101189.441572,
        101414.867982,
        101468.997652,
        101315.998754,
        101057.114523
      ],
      "surfacePressurePa": [
        100457.013913,
        100661.89247,
        100824.726813,
        100928.550897,
        100828.138941,
        100576.872383,
        100534.900155,
        100633.460132,
        100640.394055,
        100867.993887,
        100898.562207,
        100666.269274,
        100730.95946,
        100970.46682,
        101184.079161,
        101247.588505,
        101104.515238,
        100847.06882,
        100821.877435,
        101069.441572,
        101294.867982,
        101348.997652,
        101195.998754,
        100937.114523
      ],
      "wind10mU": [
        -0.683702,
        -4.793441,
        -2.978484,
        2.60438,
        6.671475,
        5.103885,
        0.864308,
        -2.674684,
        0.265615,
        4.935077,
        8.248294,
        6.617678,
        0.821992,
        -3.406247,
        -1.824935,
        3.947571,
        8.171188,
        6.616683,
        -0.691862,
        -4.934501,
        -3.381585,
        2.413968,
        6.656607,
        5.103693
      ],
      "wind10mV": [
        -0.605986,
        0.729043,
        1.477865,
        1.84008,
        1.377464,
        0.156462,
        -0.178122,
        0.728848,
        0.633664,
        1.68093,
        1.783722,
        0.609989,
        0.928215,
        2.352119,
        3.276175,
        3.496158,
        2.916151,
        1.685334,
        1.383023,
        2.817728,
        3.763081,
        3.965778,
        3.371505,
        2.139495
      ],