{
  "schema": "satellite-wars.weather-validation.fields.v1",
  "grid": {
    "latitudesDeg": [
      75,
      25,
      -25,
      -75
    ],
    "longitudesDeg": [
      -165,
      -105,
      -45,
      15,
      75,
      135
    ]
  },
  "pressureLevelsPa": [
    50000
  ],
  "leads": [
    {
      "leadHours": 0,
      "seaLevelPressurePa": [
        100593.717474,
        100734.557513,
        100803.488874,
        100981.866393,
        100960.347352,
        100720.509115,
        100653.433079,
        100528.476668,
        100207.656981,
        100695.47387,
        101001.405517,
        100809.001343,
        100873.58134,
        101100.993387,
        101296.869746,
        101374.460415,
        101246.288094,
        100991.000208,
        100965.876279,
        101213.430269,
        101438.841798,
        101492.983282,
        101339.996886,
        101081.114466
      ],
      "surfacePressurePa": [
        100473.717474,
        100614.557513,
        100683.488874,
        100861.866393,
        100840.347352,
        100600.509115,
        100533.433079,
        100408.476668,
        100087.656981,
        100575.47387,
        100881.405517,
        100689.001343,
        100753.58134,
        100980.993387,
        101176.869746,
        101254.460415,
        101126.288094,
        100871.000208,
        100845.876279,
        101093.430269,
        101318.841798,
        101372.983282,
        101219.996886,
        100961.114466
      ],
      "wind10mU": [
        -1.271463,
        -5.181849,
        -2.973827,
        2.29,
        6.093777,
        4.504173,
        0.32911,
        -2.154411,
        2.866965,
        5.847287,
        7.76637,
        6.019202,
        0.223318,
        -3.983317,
        -2.35941,
        3.378523,
        7.573605,
        6.016714,
        -1.291862,
        -5.5345,
        -3.98158,
        1.813971,
        6.056608,
        4.503693
      ],
      "wind10mV": [
        -0.615166,
        0.570349,
        1.024372,
        1.625865,
        1.360738,
        0.156246,
        -0.226723,
        -0.111357,
        -1.767349,
        0.546771,
        1.695165,
        0.608846,
        0.92722,
        2.334922,
        3.227031,
        3.472944,
        2.914339,
        1.685311,
        1.383023,
        2.817727,
        3.763077,
        3.965776,
        3.371505,
        2.139495
      ],
      "geopotentialHeightMByPressurePa": {
        "50000": [
          5702.570209,
          5700.970059,
          5657.121224,
          5607.842824,
          5566.46701,
          5551.270302,
          5778.538321,
          5761.749802,
          5695.629479,
          5664.033329,
          5641.368982,
          5628.882792,
          5780.832508,
          5784.179329,
          5747.584494,
          5692.546846,
          5645.076558,
          5628.997013,
          5703.264998,
          5707.762788,
          5672.855677,
          5616.478075,
          5567.58984,
          5551.304893
        ]
      },
      "totalColumnWaterKgM2": [
        21.682324,
        20.621664,
        21.009892,
        22.458781,
        23.519441,
        23.131213,
        26.862234,
        25.801574,
        26.189802,
        27.638691,
        28.699351,
        28.311122,
        26.862234,
        25.801574,
        26.189802,
        27.638691,
        28.699351,
        28.311122,
        21.682324,
        20.621664,
        21.009892,
        22.458781,
        23.519441,
        23.131213
      ],
      "precipRateMmHr": [
        0.014223,
        0.0,
        0.546432,
        1.07827,
        1.62458,
        1.70769,
        0.927544,
        1.269726,
        4.295074,
        2.841702,
        2.546828,
        2.615485,
        0.92131,
        0.673933,
        1.098313,
        1.878856,
        2.530549,
        2.61547,
        0.013487,
        0.0,
        0.168846,
        0.964543,
        1.622657,
        1.707688
      ],
      "precipAccumMm": [
        0.0,
        0.0,
        0.0,
        0.0,
        0.0,
        0.0,
        0.0,
        0.0,
        0.0,
        0.0,
        0.0,
        0.0,
        0.0,
        0.0,
        0.0,
        0.0,
        0.0,
        0.0,
        0.0,
        0.0,
        0.0,
        0.0,
        0.0,
        0.0
      ],
      "cloudLowFraction": [
        0.198125,
        0.092059,
        0.130881,
        0.27577,
        0.381836,
        0.343013,
        0.295516,
        0.18945,
        0.228273,
        0.373162,
        0.479228,
        0.440405,
        0.295516,
        0.18945,
        0.228273,
        0.373162,
        0.479228,
        0.440405,
        0.198125,
        0.092059,
        0.130881,
        0.27577,
        0.381836,
        0.343013
      ],
      "cloudHighFraction": [
        0.356978,
        0.449817,
        0.534356,
        0.554652,
        0.497274,
        0.400192,
        0.313514,
        0.406353,
        0.490892,
        0.511187,
        0.453809,
        0.356727,
        0.245895,
        0.338734,
        0.423273,
        0.443568,
        0.386191,
        0.289108,
        0.20243,
        0.295269,
        0.379808,
        0.400104,
        0.342726,
        0.245644
      ],
      "cloudTotalFraction": [
        0.484377,
        0.500466,
        0.5953,
        0.677466,
        0.689233,
        0.605934,
        0.516382,
        0.518819,
        0.607108,
        0.693593,
        0.715559,
        0.640028,
        0.468745,
        0.464011,
        0.554924,
        0.651207,
        0.680345,
        0.602188,
        0.360449,
        0.360146,
        0.460979,
        0.565537,
        0.593697,
        0.504398
      ]
    },
    {
      "leadHours": 12,
      "seaLevelPressurePa": [
        100569.717474,
        100710.557513,
        100779.488874,
        100957.866393,
        100936.347352,
        100696.509115,
        100629.433079,
        100504.476668,
        100183.656981,
        100671.47387,
        100977.405517,
        100785.001343,
        100849.58134,
        101076.993387,
        101272.869746,
        101350.460415,
        101222.288094,
        100967.000208,
        100941.876279,
        101189.430269,
        101414.841798,
        101468.983282,
        101315.996886,
        101057.114466
      ],
      "surfacePressurePa": [
        100449.717474,
        100590.557513,
        100659.488874,
        100837.866393,
        100816.347352,
        100576.509115,
        100509.433079,
        100384.476668,
        100063.656981,
        100551.47387,
        100857.405517,
        100665.001343,
        100729.58134,
        100956.993387,
        101152.869746,
        101230.460415,
        101102.288094,
        100847.000208,
        100821.876279,
        101069.430269,
        101294.841798,
        101348.983282,
        101195.996886,
        100937.114466
      ],
      "wind10mU": [
        -0.671463,
        -4.581849,
        -2.373827,
        2.89,
        6.693777,
        5.104173,
        0.92911,
        -1.554411,
        3.466965,
        6.447287,
        8.36637,
        6.619202,
        0.823318,
        -3.383317,
        -1.75941,
        3.978523,
        8.173605,
        6.616714,
        -0.691862,
        -4.9345,
        -3.38158,
        2.413971,
        6.656608,
        5.103693
      ],
      "wind10mV": [
        -0.615166,
        0.570349,
        1.024372,
        1.625865,
        1.360738,
        0.156246,
        -0.226723,
        -0.111357,
        -1.767349,
        0.546771,
        1.695165,
        0.608846,
        0.92722,
        2.334922,
        3.227031,
        3.472944,
        2.914339,
        1.685311,
        1.383023,
        2.817727,
        3.763077,
        3.965776,
        3.371505,
        2.139495
      ],